emp_id,first_name,last_name,email,phone,hire_date,job_id,salary,cmsn_pct,manager_id,dep_id
1,my name,abc,abc@gmail.com,12345675,10/10/2020,1,4000,dfsd,4,5
2,name 2,dsf,dfs@gmail.com,234576532,10/10/2020,4,2500,sfrd,3,4
3,name 3,cx,dss@gmail.com,53232244,10/10/2020,3,2300,swwer,5,1
4,name 4,sew,sas@gmail.com,34344323,10/10/2020,2,6000,dwds,2,6
5,name 5,cxfd,sdw@gmail.com,243222423,10/10/2020,6,5000,wer,1,3
6,name 6,asaa,dfsd@gmail.com,233521134,10/10/2020,5,4000,sdfd,2,7
7,name 7,asaa,cxx@gmail.com,456432323,10/10/2020,8,4500,dfds,4,8
8,name 8,sfg,asd@gmail.com,2434354,10/10/2020,3,3000,asew,5,9
9,name 9,sde,sd@gmail.com,23232432,10/10/2020,7,5000,sweqwwe,1,10
10,name 10,fgrs,jkl@gmail.com,2344786541,10/10/2020,4,4500,wertw,3,2
