location_id,stree_address,postal_code,city,state,province,country_id
1,abc street,123000,city 123,state 1,acf p,3
2,fgb street,876000,city 223,state 2,sdf p,4
3,dfdf street,343000,city 323,state 3,fbd p,2
4,fdf street,546000,city 423,state 4,fvs p,1
5,dfs street,235000,city 523,state 5,der p,7
6,sdf street,244000,city 623,state 6,egr p,5
7,dft street,345000,city 723,state 7,fds p,9
8,sfs street,345000,city 823,state 8,efs p,10
9,dffg street,344000,city 923,state 9,rge p,6
10,ghd street,234500,city 1023,state 10,ewr p,8
